{"cameraMode":{"drawMode":0,"name":"Shaded","section":"Shading Mode"},"sceneLighting":true,"audioPlay":false,"sceneViewState":{"m_AlwaysRefresh":false,"showFog":true,"showSkybox":true,"showFlares":true,"showImageEffects":true,"showParticleSystems":true,"showVisualEffectGraphs":true,"m_FxEnabled":true},"in2DMode":false,"pivot":{"x":1330.789306640625,"y":1035.2933349609375,"z":12.82464599609375},"rotation":{"x":-0.017995737493038179,"y":-0.008369354531168938,"z":0.001055555883795023,"w":-1.0001356601715088},"size":284.70916748046877,"orthographic":true}