{"cameraMode":{"drawMode":0,"name":"Shaded","section":"Shading Mode"},"sceneLighting":true,"audioPlay":false,"sceneViewState":{"m_AlwaysRefresh":false,"showFog":true,"showSkybox":true,"showFlares":true,"showImageEffects":true,"showParticleSystems":true,"showVisualEffectGraphs":true,"m_FxEnabled":true},"in2DMode":false,"pivot":{"x":35.33172607421875,"y":0.10036945343017578,"z":0.8084926605224609},"rotation":{"x":-0.09847715497016907,"y":-0.1833641082048416,"z":0.019371379166841508,"w":-0.9782173037528992},"size":17.028038024902345,"orthographic":true}