{"cameraMode":{"drawMode":0,"name":"Shaded","section":"Shading Mode"},"sceneLighting":true,"audioPlay":false,"sceneViewState":{"m_AlwaysRefresh":false,"showFog":true,"showSkybox":true,"showFlares":true,"showImageEffects":true,"showParticleSystems":true,"showVisualEffectGraphs":true,"m_FxEnabled":true},"in2DMode":false,"pivot":{"x":17.936805725097658,"y":5.436979293823242,"z":1.6029033660888672},"rotation":{"x":-0.18349908292293549,"y":0.01700504682958126,"z":-0.0021846701856702568,"w":-0.9831788539886475},"size":17.028038024902345,"orthographic":true}