{"cameraMode":{"drawMode":0,"name":"Shaded","section":"Shading Mode"},"sceneLighting":true,"audioPlay":false,"sceneViewState":{"m_AlwaysRefresh":false,"showFog":true,"showSkybox":true,"showFlares":true,"showImageEffects":true,"showParticleSystems":true,"showVisualEffectGraphs":true,"m_FxEnabled":true},"in2DMode":false,"pivot":{"x":-0.9434771537780762,"y":1.7252213954925538,"z":-0.7242698073387146},"rotation":{"x":0.4294757843017578,"y":-0.01760818250477314,"z":0.008376553654670716,"w":0.9028733968734741},"size":4.432285785675049,"orthographic":true}