{"cameraMode":{"drawMode":0,"name":"Shaded","section":"Shading Mode"},"sceneLighting":true,"audioPlay":false,"sceneViewState":{"m_AlwaysRefresh":false,"showFog":true,"showSkybox":true,"showFlares":true,"showImageEffects":true,"showParticleSystems":true,"showVisualEffectGraphs":true,"m_FxEnabled":true},"in2DMode":false,"pivot":{"x":29.01294708251953,"y":-1.5460405349731446,"z":7.378137588500977},"rotation":{"x":-0.12867924571037293,"y":-0.000765776087064296,"z":0.000994636444374919,"w":-0.9919871091842651},"size":14.366150856018067,"orthographic":true}