{"cameraMode":{"drawMode":0,"name":"Shaded","section":"Shading Mode"},"sceneLighting":true,"audioPlay":false,"sceneViewState":{"m_AlwaysRefresh":false,"showFog":true,"showSkybox":true,"showFlares":true,"showImageEffects":true,"showParticleSystems":true,"showVisualEffectGraphs":true,"m_FxEnabled":true},"in2DMode":false,"pivot":{"x":35.33172607421875,"y":0.10036945343017578,"z":0.8084926605224609},"rotation":{"x":-0.1798619031906128,"y":-0.08179450035095215,"z":0.015868540853261949,"w":-0.9804644584655762},"size":17.028038024902345,"orthographic":true}