{"cameraMode":{"drawMode":0,"name":"Shaded","section":"Shading Mode"},"sceneLighting":true,"audioPlay":false,"sceneViewState":{"m_AlwaysRefresh":false,"showFog":true,"showSkybox":true,"showFlares":true,"showImageEffects":true,"showParticleSystems":true,"showVisualEffectGraphs":true,"m_FxEnabled":true},"in2DMode":false,"pivot":{"x":11.784823417663575,"y":-0.44458556175231936,"z":-2.5354466438293459},"rotation":{"x":-0.0704360231757164,"y":-0.014370255172252655,"z":0.00101617188192904,"w":-0.9974379539489746},"size":10.413414001464844,"orthographic":true}