{"cameraMode":{"drawMode":0,"name":"Shaded","section":"Shading Mode"},"sceneLighting":true,"audioPlay":false,"sceneViewState":{"m_AlwaysRefresh":false,"showFog":true,"showSkybox":true,"showFlares":true,"showImageEffects":true,"showParticleSystems":true,"showVisualEffectGraphs":true,"m_FxEnabled":true},"in2DMode":false,"pivot":{"x":3.541043281555176,"y":1.0188703536987305,"z":-1.3039827346801758},"rotation":{"x":-0.38158610463142397,"y":-0.009165847674012185,"z":0.0037564365193247797,"w":-0.924365758895874},"size":5.67270040512085,"orthographic":true}