{"cameraMode":{"drawMode":0,"name":"Shaded","section":"Shading Mode"},"sceneLighting":true,"audioPlay":false,"sceneViewState":{"m_AlwaysRefresh":false,"showFog":true,"showSkybox":true,"showFlares":true,"showImageEffects":true,"showParticleSystems":true,"showVisualEffectGraphs":true,"m_FxEnabled":true},"in2DMode":false,"pivot":{"x":10.41187858581543,"y":3.1791913509368898,"z":0.8365869522094727},"rotation":{"x":-0.0703183263540268,"y":0.05891473591327667,"z":-0.004219699651002884,"w":-0.9958404898643494},"size":7.302248954772949,"orthographic":true}