{"cameraMode":{"drawMode":0,"name":"Shaded","section":"Shading Mode"},"sceneLighting":true,"audioPlay":false,"sceneViewState":{"m_AlwaysRefresh":false,"showFog":true,"showSkybox":true,"showFlares":true,"showImageEffects":true,"showParticleSystems":true,"showVisualEffectGraphs":true,"m_FxEnabled":true},"in2DMode":false,"pivot":{"x":35.33172607421875,"y":0.10036945343017578,"z":0.8084926605224609},"rotation":{"x":-0.2639144957065582,"y":-0.0973796620965004,"z":0.027717940509319307,"w":-0.9595323801040649},"size":17.028038024902345,"orthographic":true}