{"cameraMode":{"drawMode":0,"name":"Shaded","section":"Shading Mode"},"sceneLighting":true,"audioPlay":false,"sceneViewState":{"m_AlwaysRefresh":false,"showFog":true,"showSkybox":true,"showFlares":true,"showImageEffects":true,"showParticleSystems":true,"showVisualEffectGraphs":true,"m_FxEnabled":true},"in2DMode":false,"pivot":{"x":55.05559158325195,"y":5.864439964294434,"z":-10.500565528869629},"rotation":{"x":0.09127378463745117,"y":-0.04628879576921463,"z":0.004247310105711222,"w":0.9947418570518494},"size":34.07998275756836,"orthographic":true}