{"cameraMode":{"drawMode":0,"name":"Shaded","section":"Shading Mode"},"sceneLighting":true,"audioPlay":false,"sceneViewState":{"m_AlwaysRefresh":false,"showFog":true,"showSkybox":true,"showFlares":true,"showImageEffects":true,"showParticleSystems":true,"showVisualEffectGraphs":true,"m_FxEnabled":true},"in2DMode":false,"pivot":{"x":40.78678512573242,"y":6.001802921295166,"z":5.025205612182617},"rotation":{"x":-0.13356545567512513,"y":-0.11642944812774658,"z":0.01693907380104065,"w":-0.9843428134918213},"size":27.634002685546876,"orthographic":true}