{"cameraMode":{"drawMode":0,"name":"Shaded","section":"Shading Mode"},"sceneLighting":true,"audioPlay":false,"sceneViewState":{"m_AlwaysRefresh":false,"showFog":true,"showSkybox":true,"showFlares":true,"showImageEffects":true,"showParticleSystems":true,"showVisualEffectGraphs":true,"m_FxEnabled":true},"in2DMode":false,"pivot":{"x":29.01294708251953,"y":-1.5460405349731446,"z":7.378137588500977},"rotation":{"x":-0.17380154132843018,"y":-0.09218333661556244,"z":0.01723676174879074,"w":-0.9806109666824341},"size":17.028038024902345,"orthographic":true}