{"cameraMode":{"drawMode":0,"name":"Shaded","section":"Shading Mode"},"sceneLighting":true,"audioPlay":false,"sceneViewState":{"m_AlwaysRefresh":false,"showFog":true,"showSkybox":true,"showFlares":true,"showImageEffects":true,"showParticleSystems":true,"showVisualEffectGraphs":true,"m_FxEnabled":true},"in2DMode":false,"pivot":{"x":130.36602783203126,"y":8.39865779876709,"z":-41.50412368774414},"rotation":{"x":0.07642747461795807,"y":-0.004486578516662121,"z":0.0003544903302099556,"w":0.997096836566925},"size":23.694093704223634,"orthographic":true}