{"cameraMode":{"drawMode":0,"name":"Shaded","section":"Shading Mode"},"sceneLighting":true,"audioPlay":false,"sceneViewState":{"m_AlwaysRefresh":false,"showFog":true,"showSkybox":true,"showFlares":true,"showImageEffects":true,"showParticleSystems":true,"showVisualEffectGraphs":true,"m_FxEnabled":true},"in2DMode":false,"pivot":{"x":-1.359971046447754,"y":0.16008184850215913,"z":-1.8501744270324708},"rotation":{"x":-0.10923004150390625,"y":0.08069992065429688,"z":-0.008957156911492348,"w":-0.9907612800598145},"size":1.7202504873275757,"orthographic":false}