{"cameraMode":{"drawMode":0,"name":"Shaded","section":"Shading Mode"},"sceneLighting":true,"audioPlay":false,"sceneViewState":{"m_AlwaysRefresh":false,"showFog":true,"showSkybox":true,"showFlares":true,"showImageEffects":true,"showParticleSystems":true,"showVisualEffectGraphs":true,"m_FxEnabled":true},"in2DMode":false,"pivot":{"x":3.813007354736328,"y":0.05883228778839111,"z":8.928606033325196},"rotation":{"x":0.1714012324810028,"y":0.05317521467804909,"z":-0.009249737486243248,"w":0.9837459921836853},"size":8.637558937072754,"orthographic":true}