{"cameraMode":{"drawMode":0,"name":"Shaded","section":"Shading Mode"},"sceneLighting":true,"audioPlay":false,"sceneViewState":{"m_AlwaysRefresh":false,"showFog":true,"showSkybox":true,"showFlares":true,"showImageEffects":true,"showParticleSystems":true,"showVisualEffectGraphs":true,"m_FxEnabled":true},"in2DMode":false,"pivot":{"x":-1.0512210130691529,"y":3.411355495452881,"z":-3.4834156036376955},"rotation":{"x":0.12339562922716141,"y":-0.11139598488807678,"z":0.013956091366708279,"w":0.9860106110572815},"size":5.368888854980469,"orthographic":true}