{"cameraMode":{"drawMode":0,"name":"Shaded","section":"Shading Mode"},"sceneLighting":true,"audioPlay":false,"sceneViewState":{"m_AlwaysRefresh":false,"showFog":true,"showSkybox":true,"showFlares":true,"showImageEffects":true,"showParticleSystems":true,"showVisualEffectGraphs":true,"m_FxEnabled":true},"in2DMode":false,"pivot":{"x":2.8394277095794679,"y":3.9231462478637697,"z":0.9792017936706543},"rotation":{"x":-0.06275852769613266,"y":0.0798557922244072,"z":-0.005048051010817289,"w":-0.9948753714561462},"size":15.810874938964844,"orthographic":true}