{"cameraMode":{"drawMode":0,"name":"Shaded","section":"Shading Mode"},"sceneLighting":true,"audioPlay":false,"sceneViewState":{"m_AlwaysRefresh":false,"showFog":true,"showSkybox":true,"showFlares":true,"showImageEffects":true,"showParticleSystems":true,"showVisualEffectGraphs":true,"m_FxEnabled":true},"in2DMode":false,"pivot":{"x":1156.9168701171875,"y":526.484619140625,"z":-12.152339935302735},"rotation":{"x":0.04648532718420029,"y":2.2397946963792493e-7,"z":0.00001369551864627283,"w":0.998951256275177},"size":244.23248291015626,"orthographic":true}