{"cameraMode":{"drawMode":0,"name":"Shaded","section":"Shading Mode"},"sceneLighting":false,"audioPlay":false,"sceneViewState":{"m_AlwaysRefresh":false,"showFog":false,"showSkybox":false,"showFlares":false,"showImageEffects":false,"showParticleSystems":false,"showVisualEffectGraphs":true,"m_FxEnabled":true},"in2DMode":false,"pivot":{"x":-0.0025963783264160158,"y":1.176759958267212,"z":-0.19601361453533173},"rotation":{"x":0.22345498204231263,"y":0.09743869304656983,"z":-0.022576551884412767,"w":0.9696815013885498},"size":1.6840310096740723,"orthographic":true}