{"cameraMode":{"drawMode":0,"name":"Shaded","section":"Shading Mode"},"sceneLighting":false,"audioPlay":false,"sceneViewState":{"m_AlwaysRefresh":false,"showFog":false,"showSkybox":false,"showFlares":false,"showImageEffects":false,"showParticleSystems":false,"showVisualEffectGraphs":true,"m_FxEnabled":true},"in2DMode":false,"pivot":{"x":5.960464477539063e-8,"y":0.8174678087234497,"z":-0.005579888820648193},"rotation":{"x":-0.10989741235971451,"y":0.6760297417640686,"z":0.10299272835254669,"w":0.7213212251663208},"size":1.5197559595108033,"orthographic":false}