{"cameraMode":{"drawMode":0,"name":"Shaded","section":"Shading Mode"},"sceneLighting":true,"audioPlay":false,"sceneViewState":{"m_AlwaysRefresh":false,"showFog":true,"showSkybox":true,"showFlares":true,"showImageEffects":true,"showParticleSystems":true,"showVisualEffectGraphs":true,"m_FxEnabled":true},"in2DMode":false,"pivot":{"x":3.4235901832580568,"y":-3.0219321250915529,"z":-13.54129695892334},"rotation":{"x":0.0018824224825948477,"y":0.9882078766822815,"z":-0.15269960463047028,"w":0.012156408280134201},"size":9.062217712402344,"orthographic":false}