{"cameraMode":{"drawMode":0,"name":"Shaded","section":"Shading Mode"},"sceneLighting":true,"audioPlay":false,"sceneViewState":{"m_AlwaysRefresh":false,"showFog":true,"showSkybox":true,"showFlares":true,"showImageEffects":true,"showParticleSystems":true,"showVisualEffectGraphs":true,"m_FxEnabled":true},"in2DMode":false,"pivot":{"x":4.522735118865967,"y":4.707035064697266,"z":-3.0129575729370119},"rotation":{"x":-0.6216524243354797,"y":0.0004454249865375459,"z":-0.0003971173719037324,"w":-0.7833570241928101},"size":20.428607940673829,"orthographic":false}