{"cameraMode":{"drawMode":0,"name":"Shaded","section":"Shading Mode"},"sceneLighting":true,"audioPlay":false,"sceneViewState":{"m_AlwaysRefresh":false,"showFog":true,"showSkybox":true,"showFlares":true,"showImageEffects":true,"showParticleSystems":true,"showVisualEffectGraphs":true,"m_FxEnabled":true},"in2DMode":false,"pivot":{"x":-3.1485862731933595,"y":1.7512407302856446,"z":-0.7044917941093445},"rotation":{"x":-0.1996522694826126,"y":-0.1298009604215622,"z":0.026690972968935968,"w":-0.9708938002586365},"size":8.133964538574219,"orthographic":false}